,nctid,Gender,gender_id
0,NCT04452435,All,gender_1
1,NCT04431908,All,gender_1
2,NCT04716426,All,gender_1
3,NCT04392141,All,gender_1
4,NCT04474496,All,gender_1
5,NCT04646109,All,gender_1
6,NCT04542694,All,gender_1
7,NCT04401579,All,gender_1
8,NCT04280705,All,gender_1
9,NCT04332081,All,gender_1
10,NCT04329923,All,gender_1
11,NCT04410159,All,gender_1
12,NCT04335136,All,gender_1
13,NCT04331366,All,gender_1
14,NCT04331899,All,gender_1
15,NCT04292899,All,gender_1
16,NCT04292730,All,gender_1
17,NCT04320615,All,gender_1
18,NCT04401202,All,gender_1
19,NCT04435808,All,gender_1
20,NCT04338074,All,gender_1
21,NCT04358068,All,gender_1
22,NCT04358081,All,gender_1
23,NCT04523831,All,gender_1
24,NCT04599959,All,gender_1
25,NCT04343092,All,gender_1
26,NCT04362137,All,gender_1
27,NCT04724538,All,gender_1
28,NCT04674644,All,gender_1
29,NCT04345653,All,gender_1
30,NCT04338009,All,gender_1
31,NCT04342663,All,gender_1
32,NCT04425850,All,gender_1
33,NCT04411667,All,gender_1
34,NCT04698993,All,gender_1
35,NCT04502056,All,gender_1
36,NCT04491994,All,gender_1
37,NCT04728802,All,gender_1
38,NCT04422561,All,gender_1
39,NCT04356937,All,gender_1
40,NCT04407507,All,gender_1
41,NCT04390022,All,gender_1
42,NCT04409886,All,gender_1
43,NCT04399980,All,gender_1
44,NCT04365153,All,gender_1
45,NCT04491240,All,gender_1
46,NCT04335552,All,gender_1
47,NCT04898166,All,gender_1
48,NCT04475588,All,gender_1
49,NCT04343261,All,gender_1
50,NCT04446429,Male,gender_3
51,NCT04332991,All,gender_1
52,NCT04385238,Female,gender_2
53,NCT04370834,All,gender_1
54,NCT04323592,All,gender_1
55,NCT04371419,All,gender_1
56,NCT04402970,All,gender_1
57,NCT04328467,All,gender_1
58,NCT04728594,All,gender_1
59,NCT04425863,All,gender_1
60,NCT04542226,All,gender_1
61,NCT04490239,All,gender_1
62,NCT04327388,All,gender_1
63,NCT04322396,All,gender_1
64,NCT04308668,All,gender_1
65,NCT04340557,All,gender_1
66,NCT04392219,All,gender_1
67,NCT04634903,All,gender_1
68,NCT04160975,Male,gender_3
69,NCT04406194,Male,gender_3
70,NCT04400682,Male,gender_3
